name,company,email,initial_email,follow_up_status,follow_up_email
Alice Joe,Google,Alice@google.com,"Subject: Elevate Your Audio Experience with Bose

Hi Alice,

I hope this message finds you well. My name is [Your Name], and I’m reaching out from Bose Corporation, where we’ve been dedicated to redefining audio experiences since 1964. As a leader in audio technology, we understand the importance of delivering superior sound quality and innovative solutions, and I believe there’s a unique opportunity for us to collaborate that could greatly benefit Google.

At Bose, we pride ourselves on our commitment to innovation and customer satisfaction. Our diverse range of audio products—ranging from high-performance headphones and earbuds to immersive soundbars and professional audio systems—can seamlessly integrate with Google’s offerings, enhancing user experiences across various platforms.

**Here’s how partnering with Bose can benefit Google:**

1. **Unmatched Sound Quality:** Our audio technology is designed to deliver an unparalleled listening experience. By integrating Bose products into your services, you can elevate the quality of audio content for your users, whether they’re enjoying music, podcasts, or video conferencing.

2. **Innovative Features:** With cutting-edge technology like noise cancellation and smart integrations, our products can enhance the functionality of Google’s services. Imagine the impact of a Google Assistant-enabled Bose speaker or headphones that provide crystal-clear sound while blocking out distractions.

3. **Diverse Product Range:** Whether your users are casual listeners or professional audio engineers, Bose has a solution tailored to their needs. This versatility can help Google cater to a wider audience, enhancing customer loyalty and satisfaction.

4. **Brand Trust:** Bose is synonymous with quality and innovation. By aligning with our brand, Google can further solidify its reputation as a leader in technology, offering users not just products, but exceptional experiences.

I would love the opportunity to discuss how we can work together to enhance your audio offerings and create compelling promotional campaigns that resonate with your audience. Are you available for a brief call next week? I’m confident that a partnership between Bose and Google can lead to exciting new possibilities.

Thank you for considering this opportunity, Alice. I look forward to your response.

Best regards,

[Your Name]  
[Your Position]  
Bose Corporation  
[Your Phone Number]  
[Your Email Address]","Thanks, but we're not looking for new tools right now.","Subject: Re: Elevate Your Audio Experience with Bose

Hi Alice,

Thank you for your prompt response. I completely understand that you may not be looking for new tools at the moment. However, I wanted to emphasize that our collaboration could be more about enhancing existing capabilities rather than introducing new tools.

At Bose, we are always looking for ways to innovate and support our partners in delivering exceptional user experiences. Even if you're not actively seeking new products right now, I believe there could be value in discussing how our audio solutions can complement and elevate Google’s current offerings.

Would you be open to a brief conversation in the coming weeks? I’d love to explore how we might align our strengths to create even greater value for your users, whether now or in the future.

Thank you once again for considering this opportunity, Alice. I look forward to your thoughts.

Best regards,

[Your Name]  
[Your Position]  
Bose Corporation  
[Your Phone Number]  
[Your Email Address]"
Josh Englis,Flipkart,Josh@flipkart.com,"Subject: Elevate Your Audio Offerings with Bose Partnership

Hi Josh,

I hope this message finds you well. My name is [Your Name], and I’m reaching out on behalf of Bose Corporation, a leader in audio technology renowned for our commitment to delivering exceptional sound experiences.

As Flipkart continues to expand its impressive range of electronics and lifestyle products, I believe a partnership with Bose could significantly enhance your audio offerings and resonate with your customer base. Here’s how we can work together to create a win-win situation:

**1. Unmatched Sound Quality:** Bose products are synonymous with superior audio performance. By featuring our headphones, soundbars, and home theater systems on Flipkart, you can offer your customers an unparalleled listening experience that sets you apart from competitors.

**2. Innovative Features:** Our latest technology, including noise-canceling headphones and voice-activated speakers, aligns perfectly with the growing demand for smart home devices. By promoting these innovative solutions, Flipkart can attract tech-savvy consumers looking for cutting-edge audio gear.

**3. Diverse Product Range:** Whether your customers are casual listeners or professional audio engineers, Bose has a product tailored to their needs. This diversity can help you cater to a broader audience, enhancing customer satisfaction and driving sales.

**4. Brand Trust:** Bose's established reputation for quality and innovation fosters customer loyalty. By partnering with us, Flipkart can leverage this trust to boost your credibility in the audio market and encourage repeat purchases.

We would love the opportunity to discuss how we can collaborate to promote Bose products on Flipkart, creating a mutually beneficial relationship that drives growth for both our companies.

Are you available for a brief call next week? I’m excited about the potential of this partnership and look forward to your thoughts.

Best regards,

[Your Name]  
[Your Position]  
Bose Corporation  
[Your Phone Number]  
[Your Email Address]",Sounds interesting. Can you send more details?,"Subject: Re: Elevate Your Audio Offerings with Bose Partnership

Hi Josh,

Thank you for your prompt response! I'm glad to hear that you're interested in exploring a partnership with Bose.

To provide you with more details, I’d like to highlight a few key aspects of our product offerings and how they can benefit Flipkart:

1. **Product Range:** We have a comprehensive selection of consumer audio products, including our acclaimed noise-canceling headphones, versatile soundbars, and immersive home theater systems. Each product is designed with the latest technology to ensure exceptional sound quality and user experience.

2. **Marketing Support:** Bose is committed to supporting our partners with marketing resources. We can provide promotional materials, product training, and co-branded campaigns to help you effectively showcase our products on Flipkart.

3. **Sales Insights:** Our team can share valuable insights and data on market trends and consumer preferences, enabling you to make informed decisions about product placements and promotions.

4. **Customer Engagement:** With Bose’s strong brand reputation, we can help you attract and retain customers who are looking for premium audio solutions, ultimately driving sales and enhancing customer satisfaction.

I would love to discuss these points further and explore how we can tailor our partnership to meet Flipkart's specific needs. Are you available for a call next week? Please let me know your preferred time, and I’ll do my best to accommodate.

Looking forward to your thoughts!

Best regards,

[Your Name]  
[Your Position]  
Bose Corporation  
[Your Phone Number]  
[Your Email Address]"
Rajat Agarwal,Larsen & Toubro,Rajat@lnt.com,"Subject: Elevate Your Audio Experience with Bose Solutions

Dear Rajat,

I hope this email finds you well. My name is [Your Name], and I am a sales representative at Bose Corporation, a leader in audio technology known for our commitment to delivering exceptional sound experiences.

I am reaching out to explore how Bose’s innovative audio solutions can enhance Larsen & Toubro’s projects, particularly in your engineering and construction endeavors. As a multinational company engaged in diverse sectors, the integration of high-quality audio systems can significantly elevate the experiences of your teams and clients alike.

**Here’s how Bose can add value to your operations:**

1. **Unmatched Sound Quality:** Our professional audio solutions, including speakers and integrated sound systems, provide crystal-clear sound that can enhance presentations, training sessions, and meetings. This ensures that your teams communicate effectively, regardless of the environment.

2. **Smart Technology Integration:** With our range of voice-activated speakers and noise-canceling headphones, your teams can enjoy seamless communication and focus, even in bustling environments. This technology not only improves productivity but also enhances collaboration across various projects.

3. **Diverse Product Range:** Whether it’s for on-site use or corporate events, Bose offers a wide array of audio solutions tailored to meet the specific needs of your business. From high-performance soundbars for conference rooms to portable speakers for outdoor events, we have you covered.

4. **Brand Trust and Quality:** Partnering with Bose means aligning with a brand recognized globally for its commitment to innovation and quality. Our reputation in the audio industry can enhance your project presentations and client interactions, reinforcing your commitment to excellence.

I would love the opportunity to discuss how we can work together to integrate Bose audio solutions into your operations. Let’s schedule a brief call to explore the possibilities. Please let me know your availability, and I’ll do my best to accommodate.

Thank you for considering this opportunity. I look forward to the possibility of collaborating with Larsen & Toubro to create exceptional audio experiences.

Best regards,

[Your Name]  
[Your Position]  
Bose Corporation  
[Your Phone Number]  
[Your Email Address]",Please contact our CTO at cto@example.com.,"Subject: Introduction to Our CTO for Bose Audio Solutions

Dear Rajat,

Thank you for your prompt response and for directing me to your CTO. I appreciate your assistance in facilitating this connection.

I will reach out to [CTO's Name] at cto@example.com to discuss how Bose’s innovative audio solutions can enhance Larsen & Toubro’s projects. I believe our advanced audio systems can significantly contribute to your engineering and construction endeavors.

If there’s anything specific you would like me to address or if you have any additional insights regarding your team’s needs, please feel free to share. I want to ensure our conversation is as productive as possible.

Thank you once again for your help. I look forward to the opportunity to collaborate with your team.

Best regards,

[Your Name]  
[Your Position]  
Bose Corporation  
[Your Phone Number]  
[Your Email Address]"
